post_id,subreddit,title,body,author_username,timestamp,keyword_ids
P1,r/GoogleSlides,Slide outputs â€” how well do they import to Google Slides? â€” how to make slides faster,I export generated decks into Google Slides and adjust spacing. Any tips to reduce manual fixes? ğŸ˜Š,alex_marketing,2025-12-13 14:21,"K5, K9"
P2,r/entrepreneur,Best tools for how to make slides faster?,"Working on projects that require how to make slides faster. Is slidesmart.ai a good fit?

Would love to hear your thoughts.

â€” linda_product",linda_product,2025-12-11 11:21,"K5, K1"
P3,r/GoogleSlides,Generating Google Slides automatically â€” what works?,I export generated decks into Google Slides and adjust spacing,mike_startup,2025-12-12 11:21,"K5, K1"
P4,r/entrepreneur,Best tools for alternatives to PowerPoint?,Working on projects that require alternatives to PowerPoint. Is slidesmart.ai a good fit? (in my experience),sara_consult,2025-12-12 07:21,"K4, K7"
P5,r/GoogleSlides,Generating Google Slides automatically â€” what works?,I export generated decks into Google Slides and adjust spacing,tom_dev,2025-12-14 10:21,"K7, K10"
P6,r/entrepreneur,slidesmart.ai vs alternatives for how to make slides faster,Working on projects that require how to make slides faster. Is slidesmart.ai a good fit? ğŸ˜Š,alex_marketing,2025-12-14 11:21,"K5, K2"
P7,r/AItools,Which AI slide maker actually saves time?,Looking for AI tools that produce business-friendly decks. Experiences?,linda_product,2025-12-11 10:21,"K6, K9"
P8,r/presentations,Tips for faster slide creation? â€” best AI presentation maker,Trying to improve our presentation workflow â€” any tools or tips that cut design time? Would love your thoughts!,mike_startup,2025-12-13 16:21,"K1, K6"
P9,r/GoogleSlides,Slide outputs â€” how well do they import to Google Slides? â€” ai slide deck tool,"I export generated decks into Google Slides and adjust spacing. Any tips to reduce manual fixes?

Thanks in advance.",sara_consult,2025-12-12 15:21,"K2, K6"
P10,r/PowerPoint,Anyone automated PowerPoint slide design?,What do people use to generate PowerPoint slides quickly while keeping control over layout? Any tips appreciated? ğŸ™‚,tom_dev,2025-12-15 11:21,"K6, K1"
P11,r/GoogleSlides,Slide outputs â€” how well do they import to Google Slides?,Which slide generators give the most reliable Google Slides output? Any tips appreciated? ğŸ™‚ ğŸ˜Š,alex_marketing,2025-12-13 09:21,"K6, K5"
P12,r/productivity,Best tools for alternatives to PowerPoint?,Trying to handle alternatives to PowerPoint more efficiently. Would slidesmart.ai help? Thanks! ğŸ™,linda_product,2025-12-16 13:21,"K4, K5"
